{
	"format_version": "1.8.0",
	"animations": {
		"animation.gooajah.cry": {
			"animation_length": 3,
			"bones": {
				"Head": {
					"rotation": {
						"0.0": {
							"post": [10.15108, 0, -5.74622],
							"lerp_mode": "catmullrom"
						},
						"0.125": {
							"post": [17.65108, 0, -5.74622],
							"lerp_mode": "catmullrom"
						},
						"0.2917": {
							"post": [10.15108, 0, -5.74622],
							"lerp_mode": "catmullrom"
						},
						"0.5417": {
							"post": [7.29486, 1.28259, 1.88525],
							"lerp_mode": "catmullrom"
						},
						"0.6667": {
							"post": [16.26675, 0, 9.98757],
							"lerp_mode": "catmullrom"
						},
						"0.75": {
							"post": [7.29486, 1.28259, 1.88525],
							"lerp_mode": "catmullrom"
						},
						"1.125": {
							"post": [0, 0, 0],
							"lerp_mode": "catmullrom"
						},
						"1.25": {
							"post": [-7.5, 0, 0],
							"lerp_mode": "catmullrom"
						},
						"2.25": {
							"post": [-7.5, 0, 0],
							"lerp_mode": "catmullrom"
						},
						"2.5": {
							"post": [7.5, 0, 0],
							"lerp_mode": "catmullrom"
						},
						"3.0": {
							"post": [0, 0, 0],
							"lerp_mode": "catmullrom"
						}
					},
					"position": {
						"2.0": {
							"pre": [0, 0, 0],
							"post": [0, 0, 0],
							"lerp_mode": "catmullrom"
						}
					}
				},
				"Trunk_1": {
					"rotation": {
						"0.0": [0, 0, 0],
						"1.0": [0, 0, 0],
						"1.1667": [-17.5, 0, 0],
						"1.3333": [-17.5, 0, 0],
						"1.625": [-17.36117, -2.22897, -7.0913],
						"1.8333": [-17.25674, 2.79212, 8.91354],
						"2.0": [-17.16528, -3.12997, -10.0234],
						"2.5": [-17.5, 0, 0],
						"2.7917": [0, 0, 0]
					}
				},
				"Trunk_2": {
					"rotation": {
						"0.0": [0, 0, 0],
						"1.3333": [-10, 0, 0],
						"2.25": [-10, 0, 0],
						"2.5": [0, 0, 0]
					}
				},
				"Trunk_3": {
					"rotation": {
						"0.0": [0, 0, 0],
						"1.3333": [20, 0, 0],
						"2.25": [20, 0, 0],
						"2.5": [0, 0, 0]
					}
				},
				"RightEar": {
					"rotation": {
						"0.0": [0, 0, 7.5],
						"0.125": [0, 0, 40],
						"0.3333": [0, 0, 15],
						"0.5417": [0, 0, 0],
						"0.7083": [0, 0, 52.5],
						"1.25": [0, 0, 0],
						"1.5": [0, 0, 0],
						"1.75": [0, 0, 42.5],
						"2.0": [0, 0, 0],
						"2.25": [0, 0, 42.5],
						"2.75": [0, 0, 0]
					}
				},
				"LeftEar": {
					"rotation": {
						"0.0": [0, 0, -7.5],
						"0.125": [0, 0, -40],
						"0.3333": [0, 0, -15],
						"0.5417": [0, 0, 0],
						"0.7083": [0, 0, -52.5],
						"1.25": [0, 0, 0],
						"1.5": [0, 0, 0],
						"1.75": [0, 0, -42.5],
						"2.0": [0, 0, 0],
						"2.25": [0, 0, -42.5],
						"2.75": [0, 0, 0]
					}
				},
				"LegLeft_Front": {
					"rotation": {
						"0.0": [0, 0, 0],
						"0.25": [0, 0, 0],
						"0.5833": [-7.5, 0, 0],
						"0.75": [0, 0, 0]
					},
					"position": {
						"0.0": {
							"post": [0, 0, 0],
							"lerp_mode": "catmullrom"
						},
						"0.25": {
							"post": [0, 0, 0],
							"lerp_mode": "catmullrom"
						},
						"0.5833": {
							"post": [0, 1, 0],
							"lerp_mode": "catmullrom"
						},
						"0.6667": {
							"post": [0, -1, 0],
							"lerp_mode": "catmullrom"
						},
						"0.75": {
							"post": [0, 0, 0],
							"lerp_mode": "catmullrom"
						}
					}
				},
				"LegRight_Front": {
					"rotation": {
						"0.0": [-5, 0, 0],
						"0.1667": [0, 0, 0]
					},
					"position": {
						"0.0": {
							"post": [0, 0, 0],
							"lerp_mode": "catmullrom"
						},
						"0.0833": {
							"post": [0, 1, 0],
							"lerp_mode": "catmullrom"
						},
						"0.1667": {
							"post": [0, -1, 0],
							"lerp_mode": "catmullrom"
						},
						"0.25": {
							"post": [0, 0, 0],
							"lerp_mode": "catmullrom"
						}
					}
				}
			},
			"sound_effects": {
				"0.0": {
					"effect": "pokemon.gooajah.cry"
				}
			}
		},
		"animation.gooajah.ground_idle": {
			"loop": true,
			"bones": {
				"body": {
					"rotation": ["math.sin(q.anim_time*90*0.5)*1", 0, 0]
				},
				"Head": {
					"rotation": ["7.5-math.sin(q.anim_time*90*0.5)*5", 0, 0]
				},
				"Trunk_2": {
					"rotation": [0, 0, 0]
				},
				"RightEar": {
					"rotation": [0, 0, "12-math.sin(q.anim_time*90*0.5)*1"]
				},
				"LeftEar": {
					"rotation": [0, 0, "-19+math.sin(q.anim_time*90*0.5)*6"]
				},
				"LegLeft_Back": {
					"rotation": ["0+math.sin(q.anim_time*90*0.5)*1", 0, 0]
				},
				"LegRight_Back": {
					"rotation": ["0+math.sin(q.anim_time*90*0.5)*1", 0, 0]
				},
				"LegLeft_Front": {
					"rotation": ["-math.sin(q.anim_time*90*0.5)*1", 0, 0]
				},
				"LegRight_Front": {
					"rotation": ["-math.sin(q.anim_time*90*0.5)*1", 0, 0]
				},
				"Tail_1": {
					"rotation": ["-2.5+math.sin(q.anim_time*90*0.5)*1", 0, 0]
				},
				"Tail_2": {
					"rotation": ["21+math.sin(q.anim_time*90*0.5)*6", 0, 0]
				},
				"Tail_3": {
					"rotation": ["24+math.sin(q.anim_time*90*0.5)*1", 0, 0]
				},
				"Cattail_right": {
					"rotation": [0, -7, 0],
					"position": [4.1, 0, 0]
				},
				"Cattail_left": {
					"rotation": [0, 9, 0],
					"position": [-5.6, 0, 0.3]
				}
			}
		},
		"animation.gooajah.ground_walk": {
			"loop": true,
			"animation_length": 1,
			"bones": {
				"body": {
					"rotation": {
						"0.0": [0.3, 0, 0],
						"0.5": [1.3, 0, 0],
						"1.0": [0.3, 0, 0]
					},
					"position": {
						"0.375": [0, -0.3, 0],
						"0.4167": [0, -0.9, 0],
						"0.4583": [0, -0.3, 0],
						"0.9167": [0, -0.3, 0],
						"0.9583": [0, -0.9, 0],
						"1.0": [0, -0.3, 0]
					},
					"scale": 1
				},
				"Head": {
					"rotation": {
						"0.0": [12.5, 0, 0],
						"0.5": [8.5, 0, 0],
						"1.0": [12.5, 0, 0]
					}
				},
				"Trunk_2": {
					"rotation": [0, 0, 0]
				},
				"RightEar": {
					"rotation": [0, 0, "12-math.sin(q.anim_time*90*0.5)*1"]
				},
				"LeftEar": {
					"rotation": [0, 0, "-19+math.sin(q.anim_time*90*0.5)*6"]
				},
				"LegLeft_Back": {
					"rotation": {
						"0.0": [9.5, 0, 0],
						"0.3333": [-7.5, 0, 0],
						"0.5": [0, 0, 0],
						"1.0": [9.5, 0, 0]
					},
					"position": {
						"0.0": {
							"post": [0, 0, 0],
							"lerp_mode": "catmullrom"
						},
						"0.3333": {
							"post": [0, 1, 0],
							"lerp_mode": "catmullrom"
						},
						"0.4167": {
							"post": [0, -1, 0],
							"lerp_mode": "catmullrom"
						},
						"0.5": {
							"post": [0, 0, 0],
							"lerp_mode": "catmullrom"
						},
						"1.0": {
							"post": [0, 0, 0],
							"lerp_mode": "catmullrom"
						}
					}
				},
				"LegRight_Back": {
					"rotation": {
						"0.0": ["0+math.sin(q.anim_time*90*0.5)*1", 0, 0],
						"0.5": [4.69, 0, 0],
						"0.8333": [-7.5, 0, 0],
						"1.0": ["0+math.sin(q.anim_time*90*0.5)*1", 0, 0]
					},
					"position": {
						"0.5": {
							"pre": [0, 0, 0],
							"post": [0, 0, 0],
							"lerp_mode": "catmullrom"
						},
						"0.8333": {
							"post": [0, 1, 0],
							"lerp_mode": "catmullrom"
						},
						"0.9167": {
							"post": [0, -1, 0],
							"lerp_mode": "catmullrom"
						},
						"1.0": {
							"post": [0, 0, 0],
							"lerp_mode": "catmullrom"
						}
					}
				},
				"LegLeft_Front": {
					"rotation": {
						"0.0": [0, 0, 0],
						"0.3333": [-7.5, 0, 0],
						"0.5": [0, 0, 0],
						"1.0": [0, 0, 0]
					},
					"position": {
						"0.0": {
							"post": [0, 0, 0],
							"lerp_mode": "catmullrom"
						},
						"0.3333": {
							"post": [0, 1, 0],
							"lerp_mode": "catmullrom"
						},
						"0.4167": {
							"post": [0, -1, 0],
							"lerp_mode": "catmullrom"
						},
						"0.5": {
							"post": [0, 0, 0],
							"lerp_mode": "catmullrom"
						},
						"1.0": {
							"post": [0, 0, 0],
							"lerp_mode": "catmullrom"
						}
					}
				},
				"LegRight_Front": {
					"rotation": {
						"0.0": ["-math.sin(q.anim_time*90*0.5)*1", 0, 0],
						"0.5": [0, 0, 0],
						"0.8333": [-7.5, 0, 0],
						"0.9167": [-0.78, 0, 0],
						"1.0": ["-math.sin(q.anim_time*90*0.5)*1", 0, 0]
					},